{"cameraMode":{"drawMode":0,"name":"Shaded","section":"Shading Mode"},"sceneLighting":true,"audioPlay":false,"sceneViewState":{"showFog":true,"showMaterialUpdate":false,"showSkybox":true,"showFlares":true,"showImageEffects":true,"showParticleSystems":true},"in2DMode":false,"pivot":{"x":-6.838578224182129,"y":-19.710205078125,"z":108.88302612304688},"rotation":{"x":0.23714467883110047,"y":-0.020510205999016763,"z":0.005956117529422045,"w":0.9715031981468201},"size":134.8661346435547,"orthographic":false}