{"cameraMode":{"drawMode":0,"name":"Shaded","section":"Shading Mode"},"sceneLighting":true,"audioPlay":false,"sceneViewState":{"showFog":true,"showMaterialUpdate":false,"showSkybox":true,"showFlares":true,"showImageEffects":true,"showParticleSystems":true},"in2DMode":false,"pivot":{"x":29.904664993286134,"y":16.662853240966798,"z":-54.87822723388672},"rotation":{"x":0.032117195427417758,"y":0.06479593366384506,"z":0.00023993308423087,"w":-0.9977256655693054},"size":10.001952171325684,"orthographic":false}