{"cameraMode":{"drawMode":0,"name":"Shaded","section":"Shading Mode"},"sceneLighting":true,"audioPlay":false,"sceneViewState":{"showFog":true,"showMaterialUpdate":false,"showSkybox":true,"showFlares":true,"showImageEffects":true,"showParticleSystems":true},"in2DMode":false,"pivot":{"x":-42.03037643432617,"y":-4.858966827392578,"z":18.915037155151368},"rotation":{"x":0.12576434016227723,"y":-0.5355632305145264,"z":0.0807255208492279,"w":0.8312554359436035},"size":106.43925476074219,"orthographic":false}