{"cameraMode":{"drawMode":0,"name":"Shaded","section":"Shading Mode"},"sceneLighting":true,"audioPlay":false,"sceneViewState":{"showFog":true,"showMaterialUpdate":false,"showSkybox":true,"showFlares":true,"showImageEffects":true,"showParticleSystems":true},"in2DMode":false,"pivot":{"x":62.17684555053711,"y":-66.53729248046875,"z":136.4117431640625},"rotation":{"x":0.25380739569664,"y":0.09943569451570511,"z":-0.02629164420068264,"w":0.9618653655052185},"size":217.23980712890626,"orthographic":false}