{"cameraMode":{"drawMode":0,"name":"Shaded","section":"Shading Mode"},"sceneLighting":true,"audioPlay":false,"sceneViewState":{"showFog":true,"showMaterialUpdate":false,"showSkybox":true,"showFlares":true,"showImageEffects":true,"showParticleSystems":true},"in2DMode":false,"pivot":{"x":24.07107925415039,"y":22.925167083740236,"z":-27.965347290039064},"rotation":{"x":-0.05353426933288574,"y":0.1395181566476822,"z":-0.013830834068357945,"w":-0.9891477823257446},"size":6.0434136390686039,"orthographic":false}