{"cameraMode":{"drawMode":0,"name":"Shaded","section":"Shading Mode"},"sceneLighting":true,"audioPlay":false,"sceneViewState":{"showFog":true,"showMaterialUpdate":false,"showSkybox":true,"showFlares":true,"showImageEffects":true,"showParticleSystems":true},"in2DMode":false,"pivot":{"x":54.56985092163086,"y":49.62884521484375,"z":-80.4185791015625},"rotation":{"x":0.20917174220085145,"y":-0.3485046625137329,"z":0.08010163903236389,"w":0.9101601839065552},"size":29.10065460205078,"orthographic":false}