{"cameraMode":{"drawMode":0,"name":"Shaded","section":"Shading Mode"},"sceneLighting":true,"audioPlay":false,"sceneViewState":{"showFog":true,"showMaterialUpdate":false,"showSkybox":true,"showFlares":true,"showImageEffects":true,"showParticleSystems":true},"in2DMode":false,"pivot":{"x":29.756559371948243,"y":17.509384155273439,"z":-11.32835578918457},"rotation":{"x":0.2012597620487213,"y":-0.7121250629425049,"z":0.2408570498228073,"w":0.6290801763534546},"size":7.054163932800293,"orthographic":false}