{"cameraMode":{"drawMode":0,"name":"Shaded","section":"Shading Mode"},"sceneLighting":true,"audioPlay":false,"sceneViewState":{"showFog":true,"showMaterialUpdate":false,"showSkybox":true,"showFlares":true,"showImageEffects":true,"showParticleSystems":true},"in2DMode":false,"pivot":{"x":-141.71722412109376,"y":-230.46658325195313,"z":530.2359619140625},"rotation":{"x":0.22031404078006745,"y":-0.1366991549730301,"z":0.03148931637406349,"w":0.9654232859611511},"size":613.39501953125,"orthographic":false}