{"cameraMode":{"drawMode":0,"name":"Shaded","section":"Shading Mode"},"sceneLighting":true,"audioPlay":false,"sceneViewState":{"showFog":true,"showMaterialUpdate":false,"showSkybox":true,"showFlares":true,"showImageEffects":true,"showParticleSystems":true},"in2DMode":false,"pivot":{"x":42.27689743041992,"y":22.4979248046875,"z":66.63578033447266},"rotation":{"x":0.16626130044460298,"y":0.2016165554523468,"z":-0.033830441534519199,"w":0.964968204498291},"size":113.50405883789063,"orthographic":false}