{"cameraMode":{"drawMode":0,"name":"Shaded","section":"Shading Mode"},"sceneLighting":true,"audioPlay":false,"sceneViewState":{"showFog":true,"showMaterialUpdate":false,"showSkybox":true,"showFlares":true,"showImageEffects":true,"showParticleSystems":true},"in2DMode":false,"pivot":{"x":891.12158203125,"y":565.512939453125,"z":2311.216796875},"rotation":{"x":0.01862318627536297,"y":0.010042070411145687,"z":-0.005960631184279919,"w":-1.0001814365386963},"size":3230.69580078125,"orthographic":false}