{"cameraMode":{"drawMode":0,"name":"Shaded","section":"Shading Mode"},"sceneLighting":true,"audioPlay":false,"sceneViewState":{"showFog":true,"showMaterialUpdate":false,"showSkybox":true,"showFlares":true,"showImageEffects":true,"showParticleSystems":true},"in2DMode":false,"pivot":{"x":48.21967697143555,"y":13.919082641601563,"z":1.1022443771362305},"rotation":{"x":0.3174896836280823,"y":-0.1813763976097107,"z":0.06207245588302612,"w":0.9287671446800232},"size":19.68222999572754,"orthographic":false}