{"cameraMode":{"drawMode":0,"name":"Shaded","section":"Shading Mode"},"sceneLighting":true,"audioPlay":false,"sceneViewState":{"showFog":true,"showMaterialUpdate":false,"showSkybox":true,"showFlares":true,"showImageEffects":true,"showParticleSystems":true},"in2DMode":false,"pivot":{"x":7.3496551513671879,"y":17.336729049682618,"z":0.24738788604736329},"rotation":{"x":0.5435736179351807,"y":0.14679837226867677,"z":-0.09722992777824402,"w":0.8206873536109924},"size":16.950927734375,"orthographic":false}