{"cameraMode":{"drawMode":0,"name":"Shaded","section":"Shading Mode"},"sceneLighting":true,"audioPlay":false,"sceneViewState":{"showFog":true,"showMaterialUpdate":false,"showSkybox":true,"showFlares":true,"showImageEffects":true,"showParticleSystems":true},"in2DMode":false,"pivot":{"x":-13.167562484741211,"y":-31.219745635986329,"z":22.760265350341798},"rotation":{"x":0.34437844157218935,"y":-0.6109076738357544,"z":0.33415839076042178,"w":0.6299560070037842},"size":82.3479232788086,"orthographic":false}