{"cameraMode":{"drawMode":0,"name":"Shaded","section":"Shading Mode"},"sceneLighting":true,"audioPlay":false,"sceneViewState":{"showFog":true,"showMaterialUpdate":false,"showSkybox":true,"showFlares":true,"showImageEffects":true,"showParticleSystems":true},"in2DMode":false,"pivot":{"x":30.885427474975587,"y":-156.32681274414063,"z":159.35755920410157},"rotation":{"x":-0.3996783494949341,"y":-0.0530351921916008,"z":0.023170456290245057,"w":-0.914826512336731},"size":256.45831298828127,"orthographic":false}