{"cameraMode":{"drawMode":0,"name":"Shaded","section":"Shading Mode"},"sceneLighting":true,"audioPlay":false,"sceneViewState":{"showFog":true,"showMaterialUpdate":false,"showSkybox":true,"showFlares":true,"showImageEffects":true,"showParticleSystems":true},"in2DMode":false,"pivot":{"x":49.08132553100586,"y":9.799249649047852,"z":-2.550133228302002},"rotation":{"x":0.34389743208885195,"y":-0.6092214584350586,"z":0.33082112669944765,"w":0.6335065364837647},"size":21.43253517150879,"orthographic":false}