{"cameraMode":{"drawMode":0,"name":"Shaded","section":"Shading Mode"},"sceneLighting":true,"audioPlay":false,"sceneViewState":{"showFog":true,"showMaterialUpdate":false,"showSkybox":true,"showFlares":true,"showImageEffects":true,"showParticleSystems":true},"in2DMode":false,"pivot":{"x":10.478768348693848,"y":33.54412841796875,"z":3.87418532371521},"rotation":{"x":0.12010759115219116,"y":0.19726258516311646,"z":0.020558958873152734,"w":-0.9731298089027405},"size":7.000357151031494,"orthographic":false}