{"cameraMode":{"drawMode":0,"name":"Shaded","section":"Shading Mode"},"sceneLighting":true,"audioPlay":false,"sceneViewState":{"showFog":true,"showMaterialUpdate":false,"showSkybox":true,"showFlares":true,"showImageEffects":true,"showParticleSystems":true},"in2DMode":false,"pivot":{"x":8.948415756225586,"y":34.79684066772461,"z":-37.494667053222659},"rotation":{"x":-0.24875810742378236,"y":-0.16143441200256349,"z":0.04199981316924095,"w":-0.9542481303215027},"size":3.299999475479126,"orthographic":false}