{"cameraMode":{"drawMode":0,"name":"Shaded","section":"Shading Mode"},"sceneLighting":true,"audioPlay":false,"sceneViewState":{"showFog":true,"showMaterialUpdate":false,"showSkybox":true,"showFlares":true,"showImageEffects":true,"showParticleSystems":true},"in2DMode":false,"pivot":{"x":76.80257415771485,"y":9.641077995300293,"z":-2.402747392654419},"rotation":{"x":-0.030840303748846055,"y":-0.06441965699195862,"z":0.0019314303062856198,"w":-0.9975936412811279},"size":27.33109474182129,"orthographic":false}